{
    "choppiness": 1.3810389043182274,
    "windspeed": 5.875180896805904,
    "winddir": 95.49983824255906,
    "oc": [
        0.5119990744346286,
        0.588441126062926,
        0.6086680402328927
    ],
    "sh": [
        1.0818323567315575,
        1.7709708051632433,
        1.600266622809753,
        -0.15750641560225476,
        -0.554135494361565,
        -0.44532370664325116,
        0.03783994700306568,
        0.047082681493002425,
        0.9293424021920512,
        0.5065395571101015,
        -0.5258173475443132,
        -0.8452795761641918,
        0.0,
        0.0,
        0.0,
        0.0,
        0.0,
        0.0,
        0.0,
        0.0,
        0.0,
        0.0,
        0.0,
        0.0,
        0.0,
        0.0,
        0.0
    ],
    "height": 55.220968997599535,
    "angle": 81.65531740155099,
    "fov": 46.122844747910094,
    "geometrySize": 261.1114730369303,
    "type": "image",
    "info": "Owner: Pedro V. Sander"
}