{
    "choppiness": 2.833665964172308,
    "windspeed": 15.822467843819211,
    "winddir": 151.26501599632167,
    "oc": [
        0.43520174096207404,
        0.6939182912007484,
        0.858434059524481
    ],
    "sh": [
        0.1672391547373836,
        1.289330120222659,
        0.2961953373153922,
        -0.8132076788218502,
        -0.15356480045575127,
        0.46881035073681987,
        -0.6478748437572057,
        0.7133577716803636,
        -0.922020308966442,
        0.7313476176497159,
        -0.4928885110940163,
        0.6347132576530822,
        0.0,
        0.0,
        0.0,
        0.0,
        0.0,
        0.0,
        0.0,
        0.0,
        0.0,
        0.0,
        0.0,
        0.0,
        0.0,
        0.0,
        0.0
    ],
    "height": 72.02424497940488,
    "angle": 104.19594995370537,
    "fov": 46.047754038742795,
    "geometrySize": 1540.7715172560875,
    "type": "image",
    "info": "Owner: Pedro V. Sander"
}