{
    "choppiness": 2.086783835916384,
    "windspeed": 6.7641766300527015,
    "winddir": 104.65240806361959,
    "oc": [
        0.8768048974462025,
        0.8251029323909896,
        0.7106399007112678
    ],
    "sh": [
        0.8046664456388434,
        1.130295506932056,
        1.6069495541787107,
        -0.310501694260223,
        0.34008671873936497,
        -0.4044895988595122,
        0.030476137280899738,
        -0.9682849878752771,
        0.07174249334207441,
        -0.49849809620639757,
        0.5016043596877172,
        0.08662054531756165,
        0.0,
        0.0,
        0.0,
        0.0,
        0.0,
        0.0,
        0.0,
        0.0,
        0.0,
        0.0,
        0.0,
        0.0,
        0.0,
        0.0,
        0.0
    ],
    "height": 74.39203537981115,
    "angle": 102.234840475403,
    "fov": 57.73409352940046,
    "geometrySize": 2028.435788752895,
    "type": "image",
    "info": "Owner: Pedro V. Sander"
}